timestamp,temperature.gpu,power.draw [W],clocks.current.sm [MHz],memory.used [MiB]
2026/09/29 15:31:18.999,42,46.32 W,2722 MHz,1162 MiB
2026/09/29 15:31:24.075,63,319.65 W,2805 MHz,8887 MiB
2026/09/29 15:31:29.152,60,292.84 W,2865 MHz,8273 MiB
2026/09/29 15:31:34.225,60,278.83 W,2850 MHz,8273 MiB
2026/09/29 15:31:39.494,47,51.62 W,2722 MHz,1389 MiB
2026/09/29 15:31:44.569,61,218.88 W,2857 MHz,7743 MiB
2026/09/29 15:31:49.646,61,217.48 W,2850 MHz,7743 MiB
2026/09/29 15:31:54.730,62,218.98 W,2850 MHz,7743 MiB
2026/09/29 15:31:59.810,63,263.88 W,2850 MHz,7129 MiB
2026/09/29 15:32:04.881,50,82.82 W,2872 MHz,1162 MiB
